<?xml version="1.0" encoding="UTF-8"?><!--
        *** GENERATED FROM jax-ws.xml - DO NOT EDIT !                             ***
        *** TO MODIFY wsimport options USE Web Service node -> Edit WS Attributes ***
        *** TO CHANGE TARGETS GENERATED TO jaxws-build.xml COPY THOSE             ***
        *** TARGETS TO ../build.xml AND MODIFY THAT FILE INSTEAD                  ***

        --><project xmlns:xalan="http://xml.apache.org/xslt" xmlns:carproject="http://www.netbeans.org/ns/car-project/1" xmlns:jaxws="http://www.netbeans.org/ns/jax-ws/1">
    <!--
                ===================
                JAX-WS WSIMPORT SECTION
                ===================
            -->
    <target name="wsimport-init" depends="init">
        <fail if="${wsimport.bad.version}" message="WsImport ant task defined in the classpath ${j2ee.platform.wsimport.classpath} has a serious bug. See http://wiki.netbeans.org/MetroIssue for details."/>
        <mkdir dir="${build.generated.sources.dir}/jax-ws"/>
        <property name="j2ee.platform.wsimport.classpath" value="${libs.jaxws21.classpath}"/>
        <taskdef name="wsimport" classname="com.sun.tools.ws.ant.WsImport">
            <classpath path="${java.home}/../lib/tools.jar:${j2ee.platform.wsimport.classpath}"/>
        </taskdef>
    </target>
    <target name="wsimport-client-CalcWS" depends="wsimport-init">
        <mkdir dir="${build.generated.dir}/jax-wsCache/CalcWS"/>
        <property name="wsdl-CalcWS" location="${meta.inf}/xml-resources/web-service-references/CalcWS/wsdl/localhost_8080/CalculatriceService/CalcWS.wsdl"/>
        <wsimport sourcedestdir="${build.generated.dir}/jax-wsCache/CalcWS" destdir="${build.generated.dir}/jax-wsCache/CalcWS" wsdl="${wsdl-CalcWS}" catalog="catalog.xml" encoding="${source.encoding}" extension="true" verbose="true" fork="false" wsdlLocation="http://localhost:8080/CalculatriceService/CalcWS?wsdl" xnocompile="true" xendorsed="true" package="ISETZG.client">
            <depends file="${wsdl-CalcWS}"/>
            <produces dir="${build.generated.dir}/jax-wsCache/CalcWS"/>
        </wsimport>
        <copy todir="${build.generated.sources.dir}/jax-ws">
            <fileset dir="${build.generated.dir}/jax-wsCache/CalcWS">
                <include name="**/*.java"/>
            </fileset>
        </copy>
    </target>
    <target name="wsimport-client-clean-CalcWS" depends="-init-project">
        <delete dir="${build.generated.dir}/jax-wsCache/CalcWS"/>
        <delete dir="${build.generated.sources.dir}/jax-ws/ISETZG/client"/>
    </target>
    <target name="wsimport-client-generate" depends="wsimport-client-CalcWS"/>
</project>
